<?xml version="1.0" encoding="UTF-8"?>
<videojuegos>
    <videojuego anyo="2022">
        <titulo>Elden Ring</titulo>
        <genero>RPG de acción</genero>
        <imagenes>
            <imagen>https://example.com/eldenring1.jpg</imagen>
            <imagen>https://example.com/eldenring2.jpg</imagen>
        </imagenes>
        <descripcion>Una épica aventura en un mundo abierto oscuro y peligroso creado por FromSoftware.</descripcion>
        <precio>59.99</precio>
        <precioConDescuento>44.99</precioConDescuento>
        <stock>50</stock>
        <vendidos>200</vendidos>
        <valorOpiniones>4.8</valorOpiniones>
        <opiniones>
            <opinion>
                <autor>Juan Pérez</autor>
                <fecha>2022-03-10</fecha>
                <nota>5</nota>
                <texto>Una obra maestra. Mundo inmersivo y combates brutales.</texto>
            </opinion>
            <opinion>
                <autor>Ana L.</autor>
                <fecha>2022-03-15</fecha>
                <nota>4.5</nota>
                <texto>Difícil pero muy gratificante. De los mejores RPG que he jugado.</texto>
            </opinion>
        </opiniones>
    </videojuego>

    <videojuego anyo="2023">
        <titulo>Hogwarts Legacy</titulo>
        <genero>Aventura / Mundo abierto</genero>
        <imagenes>
            <imagen>https://example.com/hogwarts1.jpg</imagen>
        </imagenes>
        <descripcion>Explora el universo de Harry Potter como un estudiante de Hogwarts en el siglo XIX.</descripcion>
        <precio>69.99</precio>
        <precioConDescuento>49.99</precioConDescuento>
        <stock>100</stock>
        <vendidos>75</vendidos>
        <valorOpiniones>4.3</valorOpiniones>
        <opiniones>
            <opinion>
                <autor>Lucía G.</autor>
                <fecha>2023-02-20</fecha>
                <nota>4</nota>
                <texto>Perfecto para fans del mundo mágico. Hermoso visualmente.</texto>
            </opinion>
            <opinion>
                <autor>Mario K.</autor>
                <fecha>2023-03-02</fecha>
                <nota>4.5</nota>
                <texto>Buena historia y muchas actividades, aunque a veces repetitivas.</texto>
            </opinion>
        </opiniones>
    </videojuego>

    <videojuego anyo="2024">
        <titulo>Final Fantasy XVI</titulo>
        <genero>RPG</genero>
        <imagenes>
            <imagen>https://example.com/ffxvi1.jpg</imagen>
            <imagen>https://example.com/ffxvi2.jpg</imagen>
        </imagenes>
        <descripcion>Una nueva entrega de la icónica saga con combates más dinámicos y una historia madura.</descripcion>
        <precio>74.99</precio>
        <precioConDescuento>59.99</precioConDescuento>
        <stock>80</stock>
        <vendidos>60</vendidos>
        <valorOpiniones>4.6</valorOpiniones>
        <opiniones>
            <opinion>
                <autor>Raúl M.</autor>
                <fecha>2024-06-01</fecha>
                <nota>5</nota>
                <texto>Una historia impresionante y combates muy bien diseñados.</texto>
            </opinion>
            <opinion>
                <autor>Isabel N.</autor>
                <fecha>2024-06-03</fecha>
                <nota>4.2</nota>
                <texto>Gran producción, aunque eché de menos más exploración libre.</texto>
            </opinion>
        </opiniones>
    </videojuego>
</videojuegos>
